"route","knoop"
"Aanbevolen", 1
"Aanbevolen", 2
"Aanbevolen", 3
"Aanbevolen", 4
"Aanbevolen", 5
"Aanbevolen", 7
"Aanbevolen", 6
"Aanbevolen", 4
"Aanbevolen", 5
"Aanbevolen", 4
"Aanbevolen", 3
"Aanbevolen", 9
"Aanbevolen", 11
"Aanbevolen", 32
"Aanbevolen", 33
"Aanbevolen", 14
"Aanbevolen", 29
"Aanbevolen", 15
"Aanbevolen", 16
"Aanbevolen", 30
"Aanbevolen", 17
"Aanbevolen", 30
"Aanbevolen", 31
"Aanbevolen", 18
"Aanbevolen", 19
"Aanbevolen", 20
"Aanbevolen", 21
"Aanbevolen", 22
"Aanbevolen", 26
"Aanbevolen", 23
"Aanbevolen", 1
"Wegwijzers", 1
"Wegwijzers", 2
"Wegwijzers", 25
"Wegwijzers", 5
"Wegwijzers", 7
"Wegwijzers", 6
"Wegwijzers", 4
"Wegwijzers", 5
"Wegwijzers", 4
"Wegwijzers", 3
"Wegwijzers", 9
"Wegwijzers", 11
"Wegwijzers", 12
"Wegwijzers", 13
"Wegwijzers", 28
"Wegwijzers", 14
"Wegwijzers", 29
"Wegwijzers", 15
"Wegwijzers", 16
"Wegwijzers", 30
"Wegwijzers", 17
"Wegwijzers", 30
"Wegwijzers", 16
"Wegwijzers", 31
"Wegwijzers", 18
"Wegwijzers", 19
"Wegwijzers", 20
"Wegwijzers", 21
"Wegwijzers", 24
"Wegwijzers", 22
"Wegwijzers", 26
"Wegwijzers", 27
"Wegwijzers", 23
"Wegwijzers", 1
"Wegwijzers2", 1
"Wegwijzers2", 2
"Wegwijzers2", 25
"Wegwijzers2", 5
"Wegwijzers2", 4
"Wegwijzers2", 6
"Wegwijzers2", 8
"Wegwijzers2", 7
"Wegwijzers2", 8
"Wegwijzers2", 25
"Wegwijzers2", 5
"Wegwijzers2", 4
"Wegwijzers2", 3
"Wegwijzers2", 9
"Wegwijzers2", 11
"Wegwijzers2", 12
"Wegwijzers2", 14
"Wegwijzers2", 29
"Wegwijzers2", 15
"Wegwijzers2", 16
"Wegwijzers2", 31
"Wegwijzers2", 18
"Wegwijzers2", 19
"Wegwijzers2", 20
"Wegwijzers2", 21
"Wegwijzers2", 22
"Wegwijzers2", 26
"Wegwijzers2", 23
"Wegwijzers2", 1
"Aanbevolen2", 1
"Aanbevolen2", 2
"Aanbevolen2", 3
"Aanbevolen2", 4
"Aanbevolen2", 6
"Aanbevolen2", 8
"Aanbevolen2", 7
"Aanbevolen2", 8
"Aanbevolen2", 25
"Aanbevolen2", 5
"Aanbevolen2", 4
"Aanbevolen2", 3
"Aanbevolen2", 9
"Aanbevolen2", 11
"Aanbevolen2", 32
"Aanbevolen2", 33
"Aanbevolen2", 14
"Aanbevolen2", 29
"Aanbevolen2", 15
"Aanbevolen2", 16
"Aanbevolen2", 30
"Aanbevolen2", 31
"Aanbevolen2", 18
"Aanbevolen2", 19
"Aanbevolen2", 20
"Aanbevolen2", 21
"Aanbevolen2", 24
"Aanbevolen2", 22
"Aanbevolen2", 26
"Aanbevolen2", 27
"Aanbevolen2", 23
"Aanbevolen2", 1
"Oorspronkelijk", 1
"Oorspronkelijk", 2
"Oorspronkelijk", 3
"Oorspronkelijk", 4
"Oorspronkelijk", 6
"Oorspronkelijk", 8
"Oorspronkelijk", 7
"Oorspronkelijk", 8
"Oorspronkelijk", 25
"Oorspronkelijk", 5
"Oorspronkelijk", 4
"Oorspronkelijk", 3
"Oorspronkelijk", 9
"Oorspronkelijk", 11
"Oorspronkelijk", 32
"Oorspronkelijk", 12
"Oorspronkelijk", 33
"Oorspronkelijk", 13
"Oorspronkelijk", 28
"Oorspronkelijk", 29
"Oorspronkelijk", 15
"Oorspronkelijk", 16
"Oorspronkelijk", 30
"Oorspronkelijk", 17
"Oorspronkelijk", 30
"Oorspronkelijk", 16
"Oorspronkelijk", 31
"Oorspronkelijk", 18
"Oorspronkelijk", 19
"Oorspronkelijk", 20
"Oorspronkelijk", 21
"Oorspronkelijk", 22
"Oorspronkelijk", 26
"Oorspronkelijk", 23
"Oorspronkelijk", 1
